{"bad": 0.16341070843071176, "mean": 0.678112585428175, "good": 0.15847670614111323}