{"bad": 0.17010416776775325, "mean": 0.662177963876065, "good": 0.1677178683561817}