{"bad": 0.160096421672187, "mean": 0.6904885071676569, "good": 0.1494150711601562}