{"bad": 0.17704202148375917, "mean": 0.6614123983430229, "good": 0.16154558017321782}