{"bad": 0.17754319732519186, "mean": 0.6439161175099027, "good": 0.17854068516490534}