{"bad": 0.1605375385477423, "mean": 0.6792284258988336, "good": 0.16023403555342405}