{"bad": 0.15253579933044156, "mean": 0.6905676902318063, "good": 0.15689651043775216}