{"bad": 0.15946559074441002, "mean": 0.6880984779698589, "good": 0.152435931285731}