{"bad": 0.14710984810237443, "mean": 0.6983139745536524, "good": 0.15457617734397303}