{"bad": 0.16616876543758852, "mean": 0.6724857599515707, "good": 0.16134547461084078}